"PointID","x","y","Adjoint_Density","Adjoint_Momentum_x","Adjoint_Momentum_y","Adjoint_Energy","Sensitivity_x","Sensitivity_y","Surface_Sensitivity"
0, 9.997500181200000e-01, -3.632896519016437e-05, 1.283052901214045e+03, -9.105216157040937e+00, -1.797498338579662e+00, 9.005775062021838e-03, 0.000000000000000e+00, 0.000000000000000e+00, -2.134905906102855e+01
1, 9.990000128750000e-01, -1.452537504052920e-04, 6.560828020100811e+02, -4.446360531118937e+00, -6.937742683084250e-01, 3.930947545699818e-03, 0.000000000000000e+00, 0.000000000000000e+00, 6.856412592512788e+00
2, 9.977599978450000e-01, -3.251111630156300e-04, 5.153139407872201e+02, -3.398586433530367e+00, -5.830848763406721e-01, 2.698644636774340e-03, 0.000000000000000e+00, 0.000000000000000e+00, 1.817447762896726e+00
3, 9.960200190539999e-01, -5.769983605901485e-04, 4.191379590142377e+02, -2.746548142467271e+00, -5.159173313961275e-01, 2.035828076779711e-03, 0.000000000000000e+00, 0.000000000000000e+00, 1.063230384064806e+00
4, 9.937800168990000e-01, -9.004365425509819e-04, 3.606114991995094e+02, -2.350585018832394e+00, -4.693787669343985e-01, 1.647249362455102e-03, 0.000000000000000e+00, 0.000000000000000e+00, 6.406233195007113e-01
5, 9.910500049590000e-01, -1.293363843462116e-03, 3.189643777373299e+02, -2.072584355354448e+00, -4.324876387122731e-01, 1.400568296384791e-03, 0.000000000000000e+00, 0.000000000000000e+00, 4.302022221567975e-01
6, 9.878399968150000e-01, -1.753609743384430e-03, 2.869840649781004e+02, -1.860277592414878e+00, -4.003696558119967e-01, 1.224381046787348e-03, 0.000000000000000e+00, 0.000000000000000e+00, 3.143961763026500e-01
7, 9.841300249100000e-01, -2.283176811071472e-03, 2.616977113420837e+02, -1.692873510130597e+00, -3.733466848683302e-01, 1.092870528274143e-03, 0.000000000000000e+00, 0.000000000000000e+00, 2.401847744423561e-01
8, 9.799500107769999e-01, -2.876826092032643e-03, 2.413912323743394e+02, -1.557807375616835e+00, -3.507157124243772e-01, 9.905762455461745e-04, 0.000000000000000e+00, 0.000000000000000e+00, 1.900470543744987e-01
9, 9.752799868580000e-01, -3.536324145770189e-03, 2.248450467356652e+02, -1.447101936491731e+00, -3.316857026585681e-01, 9.092419269621704e-04, 0.000000000000000e+00, 0.000000000000000e+00, 1.540759563824618e-01
10, 9.701499938960000e-01, -4.256268552403566e-03, 2.111835569390058e+02, -1.355046209678270e+00, -3.153691814313084e-01, 8.432465596678889e-04, 0.000000000000000e+00, 0.000000000000000e+00, 1.275119198840766e-01
11, 9.645400047300000e-01, -5.038225493362627e-03, 1.998214775224608e+02, -1.277682960056729e+00, -3.014021806146699e-01, 7.888934423932544e-04, 0.000000000000000e+00, 0.000000000000000e+00, 1.071851109516045e-01
12, 9.584699869160000e-01, -5.878077433056352e-03, 1.902251921556897e+02, -1.211752244575771e+00, -2.890818225014883e-01, 7.435998637939038e-04, 0.000000000000000e+00, 0.000000000000000e+00, 9.144846081057761e-02
13, 9.519400000570000e-01, -6.774428848839826e-03, 1.821085549390626e+02, -1.155264801515576e+00, -2.782299921951819e-01, 7.053868278602652e-04, 0.000000000000000e+00, 0.000000000000000e+00, 7.889389766083971e-02
14, 9.449599981310000e-01, -7.724467125531491e-03, 1.751725138827299e+02, -1.106374229412612e+00, -2.685432092777773e-01, 6.729469889982291e-04, 0.000000000000000e+00, 0.000000000000000e+00, 6.872600122720160e-02
15, 9.375399947170000e-01, -8.725349486403867e-03, 1.691900644112056e+02, -1.063728464757673e+00, -2.596260603423595e-01, 6.451849045385734e-04, 0.000000000000000e+00, 0.000000000000000e+00, 6.054718432955797e-02
16, 9.296900033950000e-01, -9.774221272349531e-03, 1.640987031710363e+02, -1.026571980577130e+00, -2.517995703770507e-01, 6.211983320263726e-04, 0.000000000000000e+00, 0.000000000000000e+00, 5.354536154712854e-02
17, 9.214000105860000e-01, -1.087086069705918e-02, 1.595718053414207e+02, -9.934292309207849e-01, -2.441810142651387e-01, 6.005527766261597e-04, 0.000000000000000e+00, 0.000000000000000e+00, 4.803264977984990e-02
18, 9.126999974250000e-01, -1.200973104171110e-02, 1.557997040489993e+02, -9.647128907588536e-01, -2.374876040932149e-01, 5.824730067874865e-04, 0.000000000000000e+00, 0.000000000000000e+00, 4.271194517749403e-02
19, 9.035800099370001e-01, -1.319055953446835e-02, 1.524642350559958e+02, -9.390066613174236e-01, -2.309995922230815e-01, 5.671117434470516e-04, 0.000000000000000e+00, 0.000000000000000e+00, 3.826052137112496e-02
20, 8.940600156780000e-01, -1.440916392228702e-02, 1.497415925254932e+02, -9.169203879069636e-01, -2.249958671302386e-01, 5.538349961788538e-04, 0.000000000000000e+00, 0.000000000000000e+00, 3.398426903943272e-02
21, 8.841500282290000e-01, -1.566269158090452e-02, 1.475343951754148e+02, -8.981036727395814e-01, -2.194489877114027e-01, 5.429932313242062e-04, 0.000000000000000e+00, 0.000000000000000e+00, 3.042110397337958e-02
22, 8.738499879840000e-01, -1.694956337677533e-02, 1.456882051115525e+02, -8.823700610764028e-01, -2.137754917734695e-01, 5.342357590671389e-04, 0.000000000000000e+00, 0.000000000000000e+00, 2.837740801453081e-02
23, 8.631799817090000e-01, -1.826569132102762e-02, 1.443698436348965e+02, -8.704671938242496e-01, -2.089860696251996e-01, 5.271765657166598e-04, 0.000000000000000e+00, 0.000000000000000e+00, 2.723831033285458e-02
24, 8.521599769590000e-01, -1.960709133914372e-02, 1.429115203033876e+02, -8.596438318883698e-01, -2.032285377526322e-01, 5.214456763343412e-04, 0.000000000000000e+00, 0.000000000000000e+00, 2.770568636811139e-02
25, 8.407700061800000e-01, -2.097463226217677e-02, 1.422981454901430e+02, -8.556798743514991e-01, -1.985617727362724e-01, 5.180564729645581e-04, 0.000000000000000e+00, 0.000000000000000e+00, 2.776113518306379e-02
26, 8.290500044819999e-01, -2.236196298315981e-02, 1.420497800186095e+02, -8.567039653975841e-01, -1.942267407148519e-01, 5.178135992069346e-04, 0.000000000000000e+00, 0.000000000000000e+00, 2.739164736922892e-02
27, 8.170099854470000e-01, -2.376642068849115e-02, 1.424312233930906e+02, -8.613894763657360e-01, -1.918756588986743e-01, 5.188365675141086e-04, 0.000000000000000e+00, 0.000000000000000e+00, 2.545398331352642e-02
28, 8.046399950980000e-01, -2.518763605296113e-02, 1.428772406278251e+02, -8.659956472333165e-01, -1.896919710543762e-01, 5.210913606491080e-04, 0.000000000000000e+00, 0.000000000000000e+00, 2.276019432238583e-02
29, 7.919700145720000e-01, -2.662062628442961e-02, 1.437072105344545e+02, -8.717204504970947e-01, -1.873007352451897e-01, 5.241461544892792e-04, 0.000000000000000e+00, 0.000000000000000e+00, 1.976011212771790e-02
30, 7.790099978450000e-01, -2.806276676215449e-02, 1.449160181932731e+02, -8.782443275714990e-01, -1.850688821674518e-01, 5.280220951518910e-04, 0.000000000000000e+00, 0.000000000000000e+00, 1.756006048595813e-02
31, 7.657799720760000e-01, -2.951033727360171e-02, 1.460189103048621e+02, -8.843666497235135e-01, -1.819387249149971e-01, 5.323750049357957e-04, 0.000000000000000e+00, 0.000000000000000e+00, 1.653621527071356e-02
32, 7.522799968720000e-01, -3.096181144522562e-02, 1.476691306890820e+02, -8.922329301676378e-01, -1.795993153799824e-01, 5.370631999081786e-04, 0.000000000000000e+00, 0.000000000000000e+00, 1.483185666686161e-02
33, 7.385200262070000e-01, -3.241453277608040e-02, 1.490774622662387e+02, -8.988985703487752e-01, -1.763692963464620e-01, 5.423370744314192e-04, 0.000000000000000e+00, 0.000000000000000e+00, 1.432059390864784e-02
34, 7.245299816130000e-01, -3.386376679305321e-02, 1.509367813930865e+02, -9.071583615541868e-01, -1.737574941963953e-01, 5.476014535488928e-04, 0.000000000000000e+00, 0.000000000000000e+00, 1.308135174213358e-02
35, 7.103199958800001e-01, -3.530689307158652e-02, 1.526088149947290e+02, -9.145683351019338e-01, -1.703301611246629e-01, 5.536243613228571e-04, 0.000000000000000e+00, 0.000000000000000e+00, 1.269211856419218e-02
36, 6.958900094030001e-01, -3.674225211597043e-02, 1.546944369526362e+02, -9.234629053254475e-01, -1.674800520448419e-01, 5.595986894891211e-04, 0.000000000000000e+00, 0.000000000000000e+00, 1.164522861991881e-02
37, 6.812700033190000e-01, -3.816515293304169e-02, 1.566176138537321e+02, -9.316374572633279e-01, -1.638305804645477e-01, 5.663516102881735e-04, 0.000000000000000e+00, 0.000000000000000e+00, 1.123784056281036e-02
38, 6.664699912070000e-01, -3.957289370556494e-02, 1.589805413336876e+02, -9.414174358947253e-01, -1.607245186563014e-01, 5.731920750309822e-04, 0.000000000000000e+00, 0.000000000000000e+00, 1.024674565041028e-02
39, 6.514999866490000e-01, -4.096270419333766e-02, 1.611850952878426e+02, -9.505004404371669e-01, -1.568189117536558e-01, 5.808033413358634e-04, 0.000000000000000e+00, 0.000000000000000e+00, 1.002041376907533e-02
40, 6.363800168040000e-01, -4.233084266562091e-02, 1.638127421234990e+02, -9.611338836310118e-01, -1.533934376014079e-01, 5.884989004453479e-04, 0.000000000000000e+00, 0.000000000000000e+00, 9.199978324953359e-03
41, 6.211299896240000e-01, -4.367359094194759e-02, 1.662927369039974e+02, -9.711312180857457e-01, -1.491599834735040e-01, 5.969719073886643e-04, 0.000000000000000e+00, 0.000000000000000e+00, 9.069534332928684e-03
42, 6.057599782940000e-01, -4.498807223669178e-02, 1.691926477402181e+02, -9.826665081596380e-01, -1.453317846177175e-01, 6.055684768960398e-04, 0.000000000000000e+00, 0.000000000000000e+00, 8.365000424358168e-03
43, 5.902799963950000e-01, -4.627132533375768e-02, 1.719679943330461e+02, -9.936503232003900e-01, -1.407108520304957e-01, 6.149453318309225e-04, 0.000000000000000e+00, 0.000000000000000e+00, 8.290450264975248e-03
44, 5.747100114820000e-01, -4.751950934859488e-02, 1.751402895279572e+02, -1.006109020903783e+00, -1.363612336116694e-01, 6.245039272147911e-04, 0.000000000000000e+00, 0.000000000000000e+00, 7.634511969588326e-03
45, 5.590599775310000e-01, -4.872955796694115e-02, 1.782443806734245e+02, -1.018189395241579e+00, -1.313059126352305e-01, 6.348152050446732e-04, 0.000000000000000e+00, 0.000000000000000e+00, 7.499439947121021e-03
46, 5.433599948880000e-01, -4.989683951066199e-02, 1.816672004323611e+02, -1.031507200893861e+00, -1.262862507630823e-01, 6.453839452988679e-04, 0.000000000000000e+00, 0.000000000000000e+00, 6.949689676611177e-03
47, 5.276100039480000e-01, -5.101897737545535e-02, 1.851251624950566e+02, -1.044789351666878e+00, -1.207150109797486e-01, 6.566403373383226e-04, 0.000000000000000e+00, 0.000000000000000e+00, 6.608069567600531e-03
48, 5.118399858470000e-01, -5.209138375948307e-02, 1.888188863716126e+02, -1.058960677221574e+00, -1.149459171717515e-01, 6.682244096015220e-04, 0.000000000000000e+00, 0.000000000000000e+00, 5.903302608371250e-03
49, 4.960500001910000e-01, -5.311153541819326e-02, 1.926307620207365e+02, -1.073573108409359e+00, -1.086826323182583e-01, 6.805832899842625e-04, 0.000000000000000e+00, 0.000000000000000e+00, 5.100772823713576e-03
50, 4.802699983120000e-01, -5.407492053959814e-02, 1.967007826493015e+02, -1.089061167771179e+00, -1.020905412099645e-01, 6.935218193919498e-04, 0.000000000000000e+00, 0.000000000000000e+00, 5.066230011629065e-03
51, 4.645099937920000e-01, -5.497835513414191e-02, 2.009651075508846e+02, -1.105079230103228e+00, -9.510744332105388e-02, 7.071270695643139e-04, 0.000000000000000e+00, 0.000000000000000e+00, 7.232942415131506e-03
52, 4.487800002100000e-01, -5.581859897363720e-02, 2.052725987849297e+02, -1.121241151858472e+00, -8.743201391108497e-02, 7.210869924095699e-04, 0.000000000000000e+00, 0.000000000000000e+00, 9.216191703152143e-03
53, 4.331099987030000e-01, -5.659141825851464e-02, 2.096677614069415e+02, -1.137512675386243e+00, -7.946806326667825e-02, 7.349160924967089e-04, 0.000000000000000e+00, 0.000000000000000e+00, 3.545246179793046e-03
54, 4.174999892710000e-01, -5.729416860686566e-02, 2.136927611433386e+02, -1.152447692085222e+00, -7.056979305573831e-02, 7.482039712419235e-04, 0.000000000000000e+00, 0.000000000000000e+00, -1.264168940661938e-02
55, 4.019699990750000e-01, -5.792324246601335e-02, 2.175864708664273e+02, -1.166842854970236e+00, -6.124509098269718e-02, 7.604351559475010e-04, 0.000000000000000e+00, 0.000000000000000e+00, -2.850396682241709e-02
56, 3.865399956700000e-01, -5.847520956655861e-02, 2.211810851341449e+02, -1.180171051278663e+00, -5.101998868100303e-02, 7.722617643437772e-04, 0.000000000000000e+00, 0.000000000000000e+00, -1.491338929842372e-02
57, 3.712300062180000e-01, -5.894684318665333e-02, 2.253386266142310e+02, -1.195470609134620e+00, -4.056527099026598e-02, 7.851222891872764e-04, 0.000000000000000e+00, 0.000000000000000e+00, 4.851551086653191e-02
58, 3.560400009160000e-01, -5.933561549045978e-02, 2.305989988761696e+02, -1.214622001162267e+00, -2.958451552824003e-02, 8.021475470873273e-04, 0.000000000000000e+00, 0.000000000000000e+00, 1.323007147019087e-01
59, 3.409900069240000e-01, -5.963847719943702e-02, 2.375226029355111e+02, -1.239215686894158e+00, -1.837110928939170e-02, 8.244279065976721e-04, 0.000000000000000e+00, 0.000000000000000e+00, 1.468859102072126e-01
60, 3.261100053790000e-01, -5.985254444802346e-02, 2.450369567411722e+02, -1.265379962088682e+00, -5.467424928626008e-03, 8.496240641353106e-04, 0.000000000000000e+00, 0.000000000000000e+00, 6.890892075493504e-02
61, 3.113999962810000e-01, -5.997565198183213e-02, 2.522340091184310e+02, -1.290072416299024e+00, 8.865612182046264e-03, 8.728593226200673e-04, 0.000000000000000e+00, 0.000000000000000e+00, -1.488447032477326e-02
62, 2.968699932100000e-01, -6.000550062925582e-02, 2.585630353272414e+02, -1.311665453247963e+00, 2.412435510837609e-02, 8.935931061895891e-04, 0.000000000000000e+00, 0.000000000000000e+00, -5.575557790814846e-02
63, 2.825500071050000e-01, -5.994005483718394e-02, 2.652463342461326e+02, -1.334427665248739e+00, 3.955730039118867e-02, 9.148937393752822e-04, 0.000000000000000e+00, 0.000000000000000e+00, -7.047687438555864e-02
64, 2.684499919410000e-01, -5.977765596976551e-02, 2.733157909033484e+02, -1.361975557277089e+00, 5.624439273436621e-02, 9.415346744997803e-04, 0.000000000000000e+00, 0.000000000000000e+00, -8.139615793151460e-02
65, 2.545700073240000e-01, -5.951657836311273e-02, 2.839460396096530e+02, -1.398246867375924e+00, 7.450307343696147e-02, 9.758170867032318e-04, 0.000000000000000e+00, 0.000000000000000e+00, -9.604596674784564e-02
66, 2.409400045870000e-01, -5.915585896897953e-02, 2.966317674988483e+02, -1.441475229198021e+00, 9.531008131662362e-02, 1.016838048660588e-03, 0.000000000000000e+00, 0.000000000000000e+00, -1.053028136575852e-01
67, 2.275699973110000e-01, -5.869456802648413e-02, 3.094622726286699e+02, -1.485008249089421e+00, 1.183041394620239e-01, 1.057069859825808e-03, 0.000000000000000e+00, 0.000000000000000e+00, -9.464009177828835e-02
68, 2.144699990750000e-01, -5.813197420944613e-02, 3.179399447267062e+02, -1.513215605938689e+00, 1.427782200532966e-01, 1.082965267529363e-03, 0.000000000000000e+00, 0.000000000000000e+00, -5.318780558763766e-02
69, 2.016600072380000e-01, -5.746811193675738e-02, 3.171684976837104e+02, -1.509161265714188e+00, 1.664302714779385e-01, 1.078769328780680e-03, 0.000000000000000e+00, 0.000000000000000e+00, 1.269094850262868e-02
70, 1.891400069000000e-01, -5.670228146432130e-02, 3.045542082947388e+02, -1.463649552480616e+00, 1.868729834005533e-01, 1.037199917424433e-03, 0.000000000000000e+00, 0.000000000000000e+00, 7.694251032074892e-02
71, 1.769299954180000e-01, -5.583513598033686e-02, 2.827814273951574e+02, -1.386028220457201e+00, 2.037808297865764e-01, 9.676752757076693e-04, 0.000000000000000e+00, 0.000000000000000e+00, 1.066267852196469e-01
72, 1.650400012730000e-01, -5.486709202536137e-02, 2.595007267194565e+02, -1.302599116512049e+00, 2.194460582168998e-01, 8.940026690541798e-04, 0.000000000000000e+00, 0.000000000000000e+00, 8.717714332161734e-02
73, 1.534900069240000e-01, -5.379977779145956e-02, 2.421717381813066e+02, -1.239362750052513e+00, 2.380877928805157e-01, 8.397545135507060e-04, 0.000000000000000e+00, 0.000000000000000e+00, 3.689899413235716e-02
74, 1.422899961470000e-01, -5.263443049277360e-02, 2.334089771913384e+02, -1.205583672039579e+00, 2.620223916060103e-01, 8.122278385914940e-04, 0.000000000000000e+00, 0.000000000000000e+00, -8.371399457665882e-03
75, 1.314399987460000e-01, -5.137133628795417e-02, 2.298461696362506e+02, -1.189466341654997e+00, 2.898136163046565e-01, 8.003928908335701e-04, 0.000000000000000e+00, 0.000000000000000e+00, -2.424667321994295e-02
76, 1.209499984980000e-01, -5.001187382363489e-02, 2.259539772761452e+02, -1.171627250433949e+00, 3.182859382126731e-01, 7.873594807938804e-04, 0.000000000000000e+00, 0.000000000000000e+00, -1.389897215059100e-02
77, 1.108499988910000e-01, -4.856066993422563e-02, 2.189201126119176e+02, -1.141983629956762e+00, 3.453797219388464e-01, 7.642445180968817e-04, 0.000000000000000e+00, 0.000000000000000e+00, 2.498331380546608e-03
78, 1.011300012470000e-01, -4.701715290498424e-02, 2.092155703427825e+02, -1.101940136259559e+00, 3.716577251374050e-01, 7.330460799827344e-04, 0.000000000000000e+00, 0.000000000000000e+00, 1.035677840784371e-02
79, 9.181000292300000e-02, -4.538527151431038e-02, 1.987660442222233e+02, -1.058111850029340e+00, 3.987546129673795e-01, 6.994763303934437e-04, 0.000000000000000e+00, 0.000000000000000e+00, 9.420740605519314e-03
80, 8.290000259900000e-02, -4.366791468532204e-02, 1.883862744393816e+02, -1.013246263768507e+00, 4.275363164628529e-01, 6.662633967181816e-04, 0.000000000000000e+00, 0.000000000000000e+00, 7.306842929049514e-03
81, 7.440000027400000e-02, -4.186607976498817e-02, 1.777747222629756e+02, -9.661002541556731e-01, 4.576082276078774e-01, 6.322205960757769e-04, 0.000000000000000e+00, 0.000000000000000e+00, 8.016587133031640e-03
82, 6.633000075800000e-02, -3.998513962421356e-02, 1.664521487404527e+02, -9.146955863193200e-01, 4.885197222442806e-01, 5.959614956300385e-04, 0.000000000000000e+00, 0.000000000000000e+00, 1.051561637060287e-02
83, 5.869000032500000e-02, -3.802635805630503e-02, 1.542805955368282e+02, -8.581288196899308e-01, 5.201799758523113e-01, 5.570030903338396e-04, 0.000000000000000e+00, 0.000000000000000e+00, 1.324799491309188e-02
84, 5.149000138000000e-02, -3.599337852580232e-02, 1.412551534002964e+02, -7.960242410266088e-01, 5.526229252763417e-01, 5.154335084908447e-04, 0.000000000000000e+00, 0.000000000000000e+00, 1.587202779059656e-02
85, 4.473999887700000e-02, -3.389028465845557e-02, 1.272871526098775e+02, -7.274686658824810e-01, 5.857943739425112e-01, 4.709616002008864e-04, 0.000000000000000e+00, 0.000000000000000e+00, 1.876836695365134e-02
86, 3.844000026600000e-02, -3.171811260404538e-02, 1.122406925988166e+02, -6.513595150827537e-01, 6.192495030513702e-01, 4.231270049759228e-04, 0.000000000000000e+00, 0.000000000000000e+00, 2.247425295270415e-02
87, 3.260000050100000e-02, -2.948109446637338e-02, 9.590960849274940e+01, -5.660465875277576e-01, 6.524649865890586e-01, 3.715257493682535e-04, 0.000000000000000e+00, 0.000000000000000e+00, 2.710453557120517e-02
88, 2.723000012300000e-02, -2.718419978786347e-02, 7.814610361902363e+01, -4.699972624981191e-01, 6.843486499293108e-01, 3.155331375616755e-04, 0.000000000000000e+00, 0.000000000000000e+00, 3.253650676725625e-02
89, 2.232000045500000e-02, -2.482329437156798e-02, 5.871240631624195e+01, -3.609847882973450e-01, 7.134017033707172e-01, 2.546110686669520e-04, 0.000000000000000e+00, 0.000000000000000e+00, 3.867174377541972e-02
90, 1.789999939500000e-02, -2.241364555514381e-02, 3.749488820727224e+01, -2.370478114687624e-01, 7.371480585890081e-01, 1.886296980039289e-04, 0.000000000000000e+00, 0.000000000000000e+00, 4.566888922686027e-02
91, 1.394999958600000e-02, -1.994492353858276e-02, 1.430566785142678e+01, -9.585839703500054e-02, 7.513484768462870e-01, 1.168100069491116e-04, 0.000000000000000e+00, 0.000000000000000e+00, 5.249484967361789e-02
92, 1.049000024800000e-02, -1.742916196961543e-02, -1.076877323922079e+01, 6.416774259763208e-02, 7.504537010434906e-01, 4.004095370135858e-05, 0.000000000000000e+00, 0.000000000000000e+00, 5.845143746795154e-02
93, 7.519999985000000e-03, -1.486756313872443e-02, -3.728581869464124e+01, 2.418418658124701e-01, 7.261449171227665e-01, -4.050019993090288e-05, 0.000000000000000e+00, 0.000000000000000e+00, 6.077375206644919e-02
94, 5.040000193000000e-03, -1.226032473458219e-02, -6.439272406846491e+01, 4.332574201043975e-01, 6.670225220919053e-01, -1.216783949590915e-04, 0.000000000000000e+00, 0.000000000000000e+00, 5.536263473805283e-02
95, 3.049999941000000e-03, -9.605565346412577e-03, -8.964408984282447e+01, 6.269244944953353e-01, 5.663975237793580e-01, -1.986316311409786e-04, 0.000000000000000e+00, 0.000000000000000e+00, 4.334691737260599e-02
96, 1.560000004000000e-03, -6.917517506923035e-03, -1.121601431383428e+02, 7.947635295534391e-01, 4.120290113909476e-01, -2.575711501693682e-04, 0.000000000000000e+00, 0.000000000000000e+00, 2.053123076920465e-02
97, 5.600000150000000e-04, -4.173159738460802e-03, -1.277864973995432e+02, 9.311473964778725e-01, 1.885107272394740e-01, -2.921064245975068e-04, 0.000000000000000e+00, 0.000000000000000e+00, 1.104890317818618e-02
98, 5.999999800000000e-05, -1.375329724321098e-03, -1.205328833269044e+02, 9.934145162662146e-01, 7.570760405316359e-03, -3.445463758273842e-04, 0.000000000000000e+00, 0.000000000000000e+00, -5.416762408666449e-03
99, 0.000000000000000e+00, 0.000000000000000e+00, -1.040631432679756e+02, 1.009523776850189e+00, -9.449959548962864e-03, -3.934435687249291e-04, 0.000000000000000e+00, 0.000000000000000e+00, -1.618337131626396e-02
100, 5.999999800000000e-05, 1.375329724321098e-03, -1.002450548744370e+02, 9.950834061131546e-01, -9.930360281899388e-03, -4.011011971444183e-04, 0.000000000000000e+00, 0.000000000000000e+00, -6.415835585785322e-03
101, 5.600000150000000e-04, 4.173159738460802e-03, -9.950059264030045e+01, 9.791010327558490e-01, -4.229337115680212e-02, -3.853976517529083e-04, 0.000000000000000e+00, 0.000000000000000e+00, 4.773850677530073e-02
102, 1.560000004000000e-03, 6.917517506923035e-03, -9.434978647395447e+01, 9.495727014050954e-01, -7.818033170379947e-02, -3.725144194940875e-04, 0.000000000000000e+00, 0.000000000000000e+00, 7.772783997139535e-02
103, 3.049999941000000e-03, 9.605565346412577e-03, -8.889458748233315e+01, 9.194696480785133e-01, -9.854688873410665e-02, -3.563182890547541e-04, 0.000000000000000e+00, 0.000000000000000e+00, 1.065746174447806e-01
104, 5.040000193000000e-03, 1.226032473458219e-02, -8.279361077451037e+01, 8.834575740835089e-01, -1.123034428161625e-01, -3.384121202419297e-04, 0.000000000000000e+00, 0.000000000000000e+00, 1.125916339496741e-01
105, 7.519999985000000e-03, 1.486756313872443e-02, -7.682840600589429e+01, 8.499662430958927e-01, -1.189621073732617e-01, -3.204571107950802e-04, 0.000000000000000e+00, 0.000000000000000e+00, 1.086804091015393e-01
106, 1.049000024800000e-02, 1.742916196961543e-02, -7.088541107694610e+01, 8.180158002217754e-01, -1.213345740260518e-01, -3.021348283981752e-04, 0.000000000000000e+00, 0.000000000000000e+00, 9.730706192487049e-02
107, 1.394999958600000e-02, 1.994492353858276e-02, -6.571006009707055e+01, 7.904100777061801e-01, -1.189875357585484e-01, -2.865248022798939e-04, 0.000000000000000e+00, 0.000000000000000e+00, 7.679214726726712e-02
108, 1.789999939500000e-02, 2.241364555514381e-02, -6.230938368051164e+01, 7.697949660142360e-01, -1.105953464887540e-01, -2.765804638141595e-04, 0.000000000000000e+00, 0.000000000000000e+00, 6.653106375098222e-02
109, 2.232000045500000e-02, 2.482329437156798e-02, -5.614880170191482e+01, 7.415461794497451e-01, -1.087200830399721e-01, -2.572240512278002e-04, 0.000000000000000e+00, 0.000000000000000e+00, 9.355906200374459e-02
110, 2.723000012300000e-02, 2.718419978786347e-02, -4.253875340816018e+01, 6.917315958017873e-01, -1.237844888509529e-01, -2.128810425444424e-04, 0.000000000000000e+00, 0.000000000000000e+00, 9.609862993908444e-02
111, 3.260000050100000e-02, 2.948109446637338e-02, -3.684826959705958e+01, 6.700399343287690e-01, -1.241480848983522e-01, -1.928780539630583e-04, 0.000000000000000e+00, 0.000000000000000e+00, -4.370849548287153e-02
112, 3.844000026600000e-02, 3.171811260404538e-02, -6.588284844449053e+01, 7.611446820578526e-01, -6.613146826247827e-02, -2.817413559271850e-04, 0.000000000000000e+00, 0.000000000000000e+00, -2.407474462452857e-01
113, 4.473999887700000e-02, 3.389028465845557e-02, -1.148929879756662e+02, 9.159633854703090e-01, 1.754051636214117e-02, -4.357072794781554e-04, 0.000000000000000e+00, 0.000000000000000e+00, -1.696180687854228e-01
114, 5.149000138000000e-02, 3.599337852580232e-02, -1.137791418235285e+02, 9.075302250828766e-01, 2.544990716672425e-02, -4.376588333212737e-04, 0.000000000000000e+00, 0.000000000000000e+00, 2.992116563905745e-01
115, 5.869000032500000e-02, 3.802635805630503e-02, -1.337897470589357e+01, 5.754960022433159e-01, -8.465895894148724e-02, -1.299049054858324e-04, 0.000000000000000e+00, 0.000000000000000e+00, 8.025417624538345e-01
116, 6.633000075800000e-02, 3.998513962421356e-02, 1.433194476471263e+02, 5.761042183149634e-02, -2.330318065368388e-01, 3.623090055531078e-04, 0.000000000000000e+00, 0.000000000000000e+00, 8.605942400163310e-01
117, 7.440000027400000e-02, 4.186607976498817e-02, 2.593641525244203e+02, -3.308362308053731e-01, -3.095290922286338e-01, 7.389010877090912e-04, 0.000000000000000e+00, 0.000000000000000e+00, 4.303980935341922e-01
118, 8.290000259900000e-02, 4.366791468532204e-02, 2.799195784389907e+02, -4.079637592557913e-01, -2.854107589598430e-01, 8.196611704225838e-04, 0.000000000000000e+00, 0.000000000000000e+00, -1.078016836935745e-01
119, 9.181000292300000e-02, 4.538527151431038e-02, 2.264594064908738e+02, -2.404239161476992e-01, -2.107045204818366e-01, 6.613544600405720e-04, 0.000000000000000e+00, 0.000000000000000e+00, -4.117609309309696e-01
120, 1.011300012470000e-01, 4.701715290498424e-02, 1.509269710861842e+02, 3.009284828769683e-03, -1.401284431047690e-01, 4.237932573382309e-04, 0.000000000000000e+00, 0.000000000000000e+00, -4.501081647181123e-01
121, 1.108499988910000e-01, 4.856066993422563e-02, 8.493678159748900e+01, 2.175706569495824e-01, -9.162278774361163e-02, 2.110460607469833e-04, 0.000000000000000e+00, 0.000000000000000e+00, -3.733706659191598e-01
122, 1.209499984980000e-01, 5.001187382363489e-02, 3.297268682200483e+01, 3.868620998194178e-01, -5.868764956119634e-02, 4.170320797845756e-05, 0.000000000000000e+00, 0.000000000000000e+00, -2.984599057852940e-01
123, 1.314399987460000e-01, 5.137133628795417e-02, -1.012458350197912e+01, 5.270248925258205e-01, -3.380210374937945e-02, -9.852364342290167e-05, 0.000000000000000e+00, 0.000000000000000e+00, -2.477559807044752e-01
124, 1.422899961470000e-01, 5.263443049277360e-02, -4.684071308541629e+01, 6.462139034715988e-01, -1.481003817185645e-02, -2.179683635358489e-04, 0.000000000000000e+00, 0.000000000000000e+00, -2.064191164905440e-01
125, 1.534900069240000e-01, 5.379977779145956e-02, -7.731140068727071e+01, 7.450287798702014e-01, -1.514418687963016e-03, -3.174575929961463e-04, 0.000000000000000e+00, 0.000000000000000e+00, -1.684798914435738e-01
126, 1.650400012730000e-01, 5.486709202536137e-02, -1.024433212014432e+02, 8.262684231765167e-01, 7.532412530739814e-03, -3.992720298662012e-04, 0.000000000000000e+00, 0.000000000000000e+00, -1.389074674515545e-01
127, 1.769299954180000e-01, 5.583513598033686e-02, -1.239994115116394e+02, 8.958565154699040e-01, 1.412506133682984e-02, -4.692613790126730e-04, 0.000000000000000e+00, 0.000000000000000e+00, -1.198109560712209e-01
128, 1.891400069000000e-01, 5.670228146432130e-02, -1.434687454075429e+02, 9.585232968420621e-01, 1.919092473385902e-02, -5.323720381758966e-04, 0.000000000000000e+00, 0.000000000000000e+00, -1.073493207274850e-01
129, 2.016600072380000e-01, 5.746811193675738e-02, -1.614054662153029e+02, 1.016140701974156e+00, 2.281368581799733e-02, -5.901357444878760e-04, 0.000000000000000e+00, 0.000000000000000e+00, -9.639219091899537e-02
130, 2.144699990750000e-01, 5.813197420944613e-02, -1.775955150280486e+02, 1.068076385784356e+00, 2.524413365639746e-02, -6.427213209646723e-04, 0.000000000000000e+00, 0.000000000000000e+00, -8.569597280587936e-02
131, 2.275699973110000e-01, 5.869456802648413e-02, -1.921543817628386e+02, 1.114577803290850e+00, 2.638910446484944e-02, -6.895627216650433e-04, 0.000000000000000e+00, 0.000000000000000e+00, -7.466146050021980e-02
132, 2.409400045870000e-01, 5.915585896897953e-02, -2.048233114826957e+02, 1.155101382072042e+00, 2.671408780593750e-02, -7.307267214149127e-04, 0.000000000000000e+00, 0.000000000000000e+00, -6.403626336262629e-02
133, 2.545700073240000e-01, 5.951657836311273e-02, -2.157261274009351e+02, 1.189836329452928e+00, 2.621025646340537e-02, -7.661046191238612e-04, 0.000000000000000e+00, 0.000000000000000e+00, -5.392113625174447e-02
134, 2.684499919410000e-01, 5.977765596976551e-02, -2.249802284536154e+02, 1.219400131506544e+00, 2.504177535471399e-02, -7.960587208328475e-04, 0.000000000000000e+00, 0.000000000000000e+00, -4.478572713946705e-02
135, 2.825500071050000e-01, 5.994005483718394e-02, -2.326857772594699e+02, 1.243956153759998e+00, 2.361376297066572e-02, -8.213249214194732e-04, 0.000000000000000e+00, 0.000000000000000e+00, -3.743783685932875e-02
136, 2.968699932100000e-01, 6.000550062925582e-02, -2.393884469115211e+02, 1.265344262961912e+00, 2.174397646554181e-02, -8.428257496288663e-04, 0.000000000000000e+00, 0.000000000000000e+00, -3.153641054406808e-02
137, 3.113999962810000e-01, 5.997565198183213e-02, -2.451048523972868e+02, 1.283579456262921e+00, 1.999750329222008e-02, -8.616397968681710e-04, 0.000000000000000e+00, 0.000000000000000e+00, -2.729284249177326e-02
138, 3.261100053790000e-01, 5.985254444802346e-02, -2.503155837401025e+02, 1.300196590367826e+00, 1.791606593601136e-02, -8.781930748732805e-04, 0.000000000000000e+00, 0.000000000000000e+00, -2.346291494165544e-02
139, 3.409900069240000e-01, 5.963847719943702e-02, -2.547614632507106e+02, 1.314382954824334e+00, 1.602837221593133e-02, -8.928848937097421e-04, 0.000000000000000e+00, 0.000000000000000e+00, -2.021549027619578e-02
140, 3.560400009160000e-01, 5.933561549045978e-02, -2.588071019236865e+02, 1.327289916483788e+00, 1.384963229968549e-02, -9.056435454314724e-04, 0.000000000000000e+00, 0.000000000000000e+00, -1.712528620192896e-02
141, 3.712300062180000e-01, 5.894684318665333e-02, -2.621926024202461e+02, 1.338155115321736e+00, 1.190787231365510e-02, -9.169614206505287e-04, 0.000000000000000e+00, 0.000000000000000e+00, -1.463065535086421e-02
142, 3.865399956700000e-01, 5.847520956655861e-02, -2.652216897118892e+02, 1.347870822978670e+00, 9.635320811572971e-03, -9.263879600909331e-04, 0.000000000000000e+00, 0.000000000000000e+00, -1.162228346626256e-02
143, 4.019699990750000e-01, 5.792324246601335e-02, -2.675048478291483e+02, 1.355347615929053e+00, 7.685101230134596e-03, -9.341351922047325e-04, 0.000000000000000e+00, 0.000000000000000e+00, -9.348625913348807e-03
144, 4.174999892710000e-01, 5.729416860686566e-02, -2.696273278592737e+02, 1.362183029008099e+00, 5.584832079531010e-03, -9.406128169404460e-04, 0.000000000000000e+00, 0.000000000000000e+00, -7.675981924303937e-03
145, 4.331099987030000e-01, 5.659141825851464e-02, -2.714945991377860e+02, 1.368381044600350e+00, 3.989934946465483e-03, -9.466309512556001e-04, 0.000000000000000e+00, 0.000000000000000e+00, -6.862083248975609e-03
146, 4.487800002100000e-01, 5.581859897363720e-02, -2.732535712618288e+02, 1.374131494485795e+00, 2.462733095565479e-03, -9.522658503126203e-04, 0.000000000000000e+00, 0.000000000000000e+00, -5.103144558592444e-03
147, 4.645099937920000e-01, 5.497835513414191e-02, -2.745331961513310e+02, 1.378460957856654e+00, 7.971973083941291e-04, -9.562200359705084e-04, 0.000000000000000e+00, 0.000000000000000e+00, -1.231809167299573e-03
148, 4.802699983120000e-01, 5.407492053959814e-02, -2.746424300681915e+02, 1.379100271689280e+00, -8.387006498943222e-04, -9.568478511440042e-04, 0.000000000000000e+00, 0.000000000000000e+00, 4.282219392403945e-03
149, 4.960500001910000e-01, 5.311153541819326e-02, -2.736995555346974e+02, 1.376431895526109e+00, -2.383885908528934e-03, -9.533397024697796e-04, 0.000000000000000e+00, 0.000000000000000e+00, 8.762828121643775e-03
150, 5.118399858470000e-01, 5.209138375948307e-02, -2.720246087640249e+02, 1.371535558333047e+00, -3.120716524165036e-03, -9.481240395851350e-04, 0.000000000000000e+00, 0.000000000000000e+00, 1.175956953562478e-02
151, 5.276100039480000e-01, 5.101897737545535e-02, -2.700231508038367e+02, 1.365645092400549e+00, -3.610219089224269e-03, -9.407886999669378e-04, 0.000000000000000e+00, 0.000000000000000e+00, 1.854863886223242e-02
152, 5.433599948880000e-01, 4.989683951066199e-02, -2.659396434159273e+02, 1.353668370333810e+00, -2.529713845168572e-03, -9.275220987418520e-04, 0.000000000000000e+00, 0.000000000000000e+00, 2.868879296698509e-02
153, 5.590599775310000e-01, 4.872955796694115e-02, -2.590234525755961e+02, 1.333033138312702e+00, 2.221551509249624e-04, -9.061006821166572e-04, 0.000000000000000e+00, 0.000000000000000e+00, 4.048677921205818e-02
154, 5.747100114820000e-01, 4.751950934859488e-02, -2.487237407939463e+02, 1.302778563979268e+00, 2.886640341605037e-03, -8.757167809534919e-04, 0.000000000000000e+00, 0.000000000000000e+00, 6.981051367643798e-02
155, 5.902799963950000e-01, 4.627132533375768e-02, -2.339067572453348e+02, 1.258010324406476e+00, 3.503413252465848e-04, -8.318631589833646e-04, 0.000000000000000e+00, 0.000000000000000e+00, 8.631550279598346e-02
156, 6.057599782940000e-01, 4.498807223669178e-02, -2.138268988490211e+02, 1.196408132715769e+00, -2.678341880269849e-03, -7.649562265579037e-04, 0.000000000000000e+00, 0.000000000000000e+00, 5.324811686654646e-02
157, 6.211299896240000e-01, 4.367359094194759e-02, -1.918029390258168e+02, 1.128108391975331e+00, 4.576030833989205e-03, -6.896831212585754e-04, 0.000000000000000e+00, 0.000000000000000e+00, -7.438179828865517e-02
158, 6.363800168040000e-01, 4.233084266562091e-02, -1.775041486976259e+02, 1.078618705512558e+00, 1.573937845113463e-02, -6.415668239777219e-04, 0.000000000000000e+00, 0.000000000000000e+00, 1.268866574541189e-01
159, 6.514999866490000e-01, 4.096270419333766e-02, -1.726398807669140e+02, 1.055450725526275e+00, 1.698500711488801e-02, -6.283114489793707e-04, 0.000000000000000e+00, 0.000000000000000e+00, 6.311185121504520e-02
160, 6.664699912070000e-01, 3.957289370556494e-02, -1.728089502613040e+02, 1.056299498672067e+00, 1.665580266791481e-02, -6.290314485962743e-04, 0.000000000000000e+00, 0.000000000000000e+00, -5.335290337289544e-03
161, 6.812700033190000e-01, 3.816515293304169e-02, -1.738538958508917e+02, 1.061093452051524e+00, 1.581112811206439e-02, -6.316855254902880e-04, 0.000000000000000e+00, 0.000000000000000e+00, -7.948999634356017e-03
162, 6.958900094030001e-01, 3.674225211597043e-02, -1.744882511960162e+02, 1.063748759638681e+00, 1.590500088173120e-02, -6.343303979757907e-04, 0.000000000000000e+00, 0.000000000000000e+00, -5.608528563279299e-03
163, 7.103199958800001e-01, 3.530689307158652e-02, -1.755191066622346e+02, 1.068064707742314e+00, 1.510845213346744e-02, -6.371423305050878e-04, 0.000000000000000e+00, 0.000000000000000e+00, -6.725816688266447e-03
164, 7.245299816130000e-01, 3.386376679305321e-02, -1.764479460160197e+02, 1.071886617137734e+00, 1.488556290713164e-02, -6.407996056182777e-04, 0.000000000000000e+00, 0.000000000000000e+00, -8.543506599005378e-03
165, 7.385200262070000e-01, 3.241453277608040e-02, -1.777338500017211e+02, 1.077071272474887e+00, 1.398640311905456e-02, -6.442999248986715e-04, 0.000000000000000e+00, 0.000000000000000e+00, -8.926994060813785e-03
166, 7.522799968720000e-01, 3.096181144522562e-02, -1.788197557989282e+02, 1.081258388321532e+00, 1.374285536696062e-02, -6.483770777532456e-04, 0.000000000000000e+00, 0.000000000000000e+00, -9.961544778928286e-03
167, 7.657799720760000e-01, 2.951033727360171e-02, -1.802890607580063e+02, 1.086872666662088e+00, 1.277211802648792e-02, -6.522971635475665e-04, 0.000000000000000e+00, 0.000000000000000e+00, -1.064668090876679e-02
168, 7.790099978450000e-01, 2.806276676215449e-02, -1.815820929718799e+02, 1.091509621634917e+00, 1.252673071193960e-02, -6.569049405103265e-04, 0.000000000000000e+00, 0.000000000000000e+00, -1.217162042920947e-02
169, 7.919700145720000e-01, 2.662062628442961e-02, -1.833081038599022e+02, 1.097643635143878e+00, 1.158882065171681e-02, -6.613619924605173e-04, 0.000000000000000e+00, 0.000000000000000e+00, -1.344031746676978e-02
170, 8.046399950980000e-01, 2.518763605296113e-02, -1.849319116517958e+02, 1.102913063568927e+00, 1.158228640444584e-02, -6.668140948461050e-04, 0.000000000000000e+00, 0.000000000000000e+00, -1.644084953897285e-02
171, 8.170099854470000e-01, 2.376642068849115e-02, -1.871970601110034e+02, 1.110252392736076e+00, 1.083725186704915e-02, -6.728270877128737e-04, 0.000000000000000e+00, 0.000000000000000e+00, -1.905971142907673e-02
172, 8.290500044819999e-01, 2.236196298315981e-02, -1.894160621179376e+02, 1.117154303516396e+00, 1.031732345796301e-02, -6.804350058702493e-04, 0.000000000000000e+00, 0.000000000000000e+00, -2.222915158304007e-02
173, 8.407700061800000e-01, 2.097463226217677e-02, -1.925544513526793e+02, 1.129298508007525e+00, 7.179445987522499e-03, -6.904160180884557e-04, 0.000000000000000e+00, 0.000000000000000e+00, -2.370662112825438e-02
174, 8.521599769590000e-01, 1.960709133914372e-02, -1.961053931624324e+02, 1.147415048386167e+00, 3.574523846749257e-03, -7.038138485076870e-04, 0.000000000000000e+00, 0.000000000000000e+00, -2.433949222933921e-02
175, 8.631799817090000e-01, 1.826569132102762e-02, -2.003694319164450e+02, 1.171947775092808e+00, -1.111690105874696e-03, -7.201560542551280e-04, 0.000000000000000e+00, 0.000000000000000e+00, -2.410738783990661e-02
176, 8.738499879840000e-01, 1.694956337677533e-02, -2.047898038913563e+02, 1.199323810651476e+00, -5.562985428615642e-03, -7.372736985765649e-04, 0.000000000000000e+00, 0.000000000000000e+00, -2.390008426347345e-02
177, 8.841500282290000e-01, 1.566269158090452e-02, -2.093333757084017e+02, 1.229081207564832e+00, -1.011058557746561e-02, -7.561813092093693e-04, 0.000000000000000e+00, 0.000000000000000e+00, -2.542916888120240e-02
178, 8.940600156780000e-01, 1.440916392228702e-02, -2.144697408619387e+02, 1.263133780457388e+00, -1.553162830865206e-02, -7.765209584499143e-04, 0.000000000000000e+00, 0.000000000000000e+00, -2.765406720765697e-02
179, 9.035800099370001e-01, 1.319055953446835e-02, -2.199043152755131e+02, 1.299957142779105e+00, -2.079533780895827e-02, -7.994501311979323e-04, 0.000000000000000e+00, 0.000000000000000e+00, -3.135244247463087e-02
180, 9.126999974250000e-01, 1.200973104171110e-02, -2.260415553329746e+02, 1.341063564474356e+00, -2.713344493245596e-02, -8.242244130202691e-04, 0.000000000000000e+00, 0.000000000000000e+00, -3.486173765264795e-02
181, 9.214000105860000e-01, 1.087086069705918e-02, -2.325470570453964e+02, 1.385262139680189e+00, -3.358828013205471e-02, -8.518414480422576e-04, 0.000000000000000e+00, 0.000000000000000e+00, -3.925899046760811e-02
182, 9.296900033950000e-01, 9.774221272349531e-03, -2.398106855124898e+02, 1.434332236940506e+00, -4.124510716561063e-02, -8.817697011068335e-04, 0.000000000000000e+00, 0.000000000000000e+00, -4.371182692910633e-02
183, 9.375399947170000e-01, 8.725349486403867e-03, -2.475651741028109e+02, 1.487489929704185e+00, -4.921829158431827e-02, -9.152111894768120e-04, 0.000000000000000e+00, 0.000000000000000e+00, -4.960306360550863e-02
184, 9.449599981310000e-01, 7.724467125531491e-03, -2.562649911110012e+02, 1.546905313163015e+00, -5.865643821267266e-02, -9.520727925862971e-04, 0.000000000000000e+00, 0.000000000000000e+00, -5.607577734605536e-02
185, 9.519400000570000e-01, 6.774428848839826e-03, -2.657379508889254e+02, 1.612382494491645e+00, -6.874344042914911e-02, -9.936787743531437e-04, 0.000000000000000e+00, 0.000000000000000e+00, -6.442971258897155e-02
186, 9.584699869160000e-01, 5.878077433056352e-03, -2.764154077245366e+02, 1.686195858859350e+00, -8.054847063537406e-02, -1.040491979042603e-03, 0.000000000000000e+00, 0.000000000000000e+00, -7.422403037950334e-02
187, 9.645400047300000e-01, 5.038225493362627e-03, -2.883024262918972e+02, 1.769110345122019e+00, -9.357520002894713e-02, -1.094114787898637e-03, 0.000000000000000e+00, 0.000000000000000e+00, -8.683634637543874e-02
188, 9.701499938960000e-01, 4.256268552403566e-03, -3.018312498122118e+02, 1.863783134480184e+00, -1.087555012193157e-01, -1.155951678854505e-03, 0.000000000000000e+00, 0.000000000000000e+00, -1.027248393856181e-01
189, 9.752799868580000e-01, 3.536324145770189e-03, -3.172789147085902e+02, 1.972597312901417e+00, -1.261158366634562e-01, -1.228568956398931e-03, 0.000000000000000e+00, 0.000000000000000e+00, -1.236415677906969e-01
190, 9.799500107769999e-01, 2.876826092032643e-03, -3.352057707371677e+02, 2.099534425635424e+00, -1.464181901026104e-01, -1.315026196927171e-03, 0.000000000000000e+00, 0.000000000000000e+00, -1.516518537937029e-01
191, 9.841300249100000e-01, 2.283176811071472e-03, -3.562012533472008e+02, 2.249287941765906e+00, -1.701159229057947e-01, -1.420424729731867e-03, 0.000000000000000e+00, 0.000000000000000e+00, -1.907061219157481e-01
192, 9.878399968150000e-01, 1.753609743384430e-03, -3.812142385010598e+02, 2.428814861276131e+00, -1.980419835949164e-01, -1.551852147852776e-03, 0.000000000000000e+00, 0.000000000000000e+00, -2.482016797118800e-01
193, 9.910500049590000e-01, 1.293363843462116e-03, -4.114154975125822e+02, 2.648390118525443e+00, -2.303726957434995e-01, -1.723068891513423e-03, 0.000000000000000e+00, 0.000000000000000e+00, -3.383852119871741e-01
194, 9.937800168990000e-01, 9.004365425509819e-04, -4.488941134574828e+02, 2.924810084855915e+00, -2.658763055663825e-01, -1.956310708133400e-03, 0.000000000000000e+00, 0.000000000000000e+00, -4.978003668635837e-01
195, 9.960200190539999e-01, 5.769983605901485e-04, -4.981652022482979e+02, 3.297265384919609e+00, -3.061434690560401e-01, -2.313197013421812e-03, 0.000000000000000e+00, 0.000000000000000e+00, -8.304854420124682e-01
196, 9.977599978450000e-01, 3.251111630156300e-04, -5.767119125090592e+02, 3.894017889543799e+00, -3.529750192358074e-01, -2.923046194915386e-03, 0.000000000000000e+00, 0.000000000000000e+00, -1.343392371526916e+00
197, 9.990000128750000e-01, 1.452537504052920e-04, -6.685769786670376e+02, 4.701091466234695e+00, -4.216704806717726e-01, -3.946060099662567e-03, 0.000000000000000e+00, 0.000000000000000e+00, -5.515618763446396e+00
198, 9.997500181200000e-01, 3.632896519016437e-05, -1.182084186584909e+03, 9.073512869558508e+00, -1.145290926557691e+00, -8.876968948372912e-03, 0.000000000000000e+00, 0.000000000000000e+00, 1.701255496816544e+01
199, 1.000000000000000e+00, 0.000000000000000e+00, -3.167318659428704e+00, -2.654795076572510e-01, -1.415891950240099e+01, -1.043670852011248e-04, 0.000000000000000e+00, 0.000000000000000e+00, -4.287767640074103e-03
